City_ID,City,Lat,Lng,Max Temp,Humidity,Cloudiness,Wind Speed,Country,Date
0,bilibino,68.0546,166.4372,-23.33,79,7,2.15,RU,1711847365
1,avarua,-21.2078,-159.775,31.03,74,75,4.12,CK,1711847366
2,rio grande,-32.035,-52.0986,21.81,85,0,2.26,BR,1711847290
3,nar'yan-mar,67.6713,53.087,-15.5,93,75,3.13,RU,1711847366
4,thompson,55.7435,-97.8558,-8.29,93,100,3.17,CA,1711847351
5,keflavik,64.0049,-22.5624,-1.76,69,20,11.32,IS,1711847367
6,jiangyou,31.7667,104.7167,19.57,64,2,1.09,CN,1711847081
7,suva,-18.1416,178.4415,28.71,79,75,1.03,FJ,1711847368
8,shats'k,51.5021,23.9381,12.71,78,4,3.9,UA,1711847369
9,kyren,51.6828,102.1408,-0.03,93,92,1.34,RU,1711847369
10,ulladulla,-35.35,150.4667,22.57,67,11,2.32,AU,1711847370
11,olonkinbyen,70.9221,-8.7187,-5.82,63,100,8.77,SJ,1711847370
12,bamboo flat,11.7,92.7167,27.05,89,40,0.51,IN,1711847371
13,cabo san lucas,22.8909,-109.9124,28.61,67,100,5.36,MX,1711846770
14,ilulissat,69.2167,-51.1,-8.99,73,20,0.0,GL,1711847372
15,bredasdorp,-34.5322,20.0403,19.63,66,7,1.83,ZA,1711847333
16,waitangi,-43.9535,-176.5597,16.01,96,100,1.79,NZ,1711847325
17,hopkinsville,36.8656,-87.4886,21.97,73,87,3.54,US,1711847343
18,prince george,53.9166,-122.753,7.36,48,99,0.45,CA,1711847278
19,waveland,30.2869,-89.3762,21.03,82,0,3.09,US,1711847373
20,tazovsky,67.4667,78.7,-14.8,93,100,7.79,RU,1711847374
21,stephenville,32.2207,-98.2023,22.91,76,40,5.14,US,1711847213
22,grytviken,-54.2811,-36.5092,0.37,81,23,5.48,GS,1711847375
23,blackmans bay,-43.0167,147.3167,17.07,79,65,1.31,AU,1711847375
24,whitehorse,60.7161,-135.0538,5.17,48,100,8.49,CA,1711847308
25,punta arenas,-53.15,-70.9167,7.06,81,75,10.29,CL,1711847376
26,edinburgh of the seven seas,-37.0676,-12.3116,14.69,62,70,2.14,SH,1711847376
27,port elizabeth,-33.918,25.5701,17.83,97,2,0.45,ZA,1711847201
28,constantia,44.1833,28.65,8.38,86,5,4.98,RO,1711847377
29,tiksi,71.6872,128.8694,-12.76,77,100,7.07,RU,1711847378
30,iqaluit,63.7506,-68.5145,-7.15,86,100,0.0,CA,1711847171
31,aasiaat,68.7098,-52.8699,-15.96,87,79,3.04,GL,1711847379
32,holualoa,19.6228,-155.9522,23.91,80,75,4.63,US,1711847379
33,puerto ayora,-0.7393,-90.3518,25.31,95,97,2.68,EC,1711847379
34,adam,22.3756,57.5233,22.61,58,100,2.03,OM,1711847380
35,west island,-12.1568,96.8225,27.99,74,82,6.17,CC,1711847380
36,huayin,34.5675,110.0921,21.84,43,0,0.93,CN,1711847381
37,adamstown,-25.066,-130.1015,23.59,62,94,11.71,PN,1711847381
38,cheremukhovo,60.3484,59.9851,-1.13,99,100,0.45,RU,1711847382
39,yellowknife,62.456,-114.3525,-2.55,62,100,2.87,CA,1711847209
40,lorengau,-2.0226,147.2712,29.61,74,38,5.54,PG,1711847382
41,greymouth,-42.4667,171.2,15.98,65,100,2.43,NZ,1711847383
42,atafu village,-8.5421,-172.5159,29.92,73,71,5.53,TK,1711847383
43,la malbaie,47.6575,-70.1559,0.37,62,100,5.24,CA,1711847283
44,tamanrasset,22.785,5.5228,16.95,10,0,2.57,DZ,1711847384
45,tsiombe,-25.3,45.4833,22.11,88,16,4.45,MG,1711847243
46,hoemul-li,41.4339,129.67,7.06,33,1,0.34,KP,1711847385
47,iskateley,67.6803,53.1512,-15.55,93,76,3.13,RU,1711847386
48,selkirk,50.1436,-96.8845,0.1,75,41,0.89,CA,1711847182
49,dudinka,69.4058,86.1778,-11.85,97,100,1.79,RU,1711847387
50,umba,66.6871,34.3429,-5.95,96,100,2.33,RU,1711847387
51,longyearbyen,78.2186,15.6401,-25.09,64,75,2.57,SJ,1711847388
52,port-aux-francais,-49.35,70.2167,4.67,80,100,10.05,TF,1711847196
53,joshimath,30.5667,79.5667,8.12,73,24,2.72,IN,1711847389
54,kavaratti,10.5669,72.642,28.48,71,94,4.22,IN,1711847389
55,puerto natales,-51.7236,-72.4875,5.76,83,87,5.71,CL,1711847389
56,ribeira grande,38.5167,-28.7,12.65,77,100,2.24,PT,1711847390
57,yuzhno-kurilsk,44.0306,145.8556,0.76,79,100,3.37,RU,1711847390
58,bethel,41.3712,-73.414,13.2,26,100,2.06,US,1711847136
59,santa terezinha,-29.9002,-50.0904,21.94,84,0,3.74,BR,1711847391
60,yelizovo,53.1873,158.3805,0.08,64,75,7.0,RU,1711847392
61,al ghayzah,16.2079,52.176,25.39,58,3,2.36,YE,1711847243
62,halifax,44.6453,-63.5724,3.03,75,50,4.47,CA,1711847104
63,zindah jan,34.3426,61.7468,8.76,50,30,1.21,AF,1711847393
64,nguigmi,14.2495,13.1092,28.98,16,100,5.01,NE,1711847393
65,port alfred,-33.5906,26.891,18.99,92,7,0.89,ZA,1711847393
66,mount isa,-20.7333,139.5,29.87,66,16,2.57,AU,1711847394
67,nova sintra,14.8667,-24.7167,19.62,71,93,5.57,CV,1711847394
68,carutapera,-1.195,-46.02,25.1,92,100,0.93,BR,1711847395
69,ushuaia,-54.8,-68.3,0.92,90,100,2.76,AR,1711847395
70,talnakh,69.4865,88.3972,-8.8,95,100,0.73,RU,1711847395
71,kolpashevo,58.3131,82.9089,1.73,93,100,2.68,RU,1711847396
72,vorkuta,67.5,64.0,-20.2,99,100,3.6,RU,1711847207
73,albany,42.6001,-73.9662,7.23,50,100,0.89,US,1711847312
74,sakaiminato,35.55,133.2333,12.99,76,75,4.12,JP,1711847139
75,pangkalanbuun,-2.6833,111.6167,27.94,84,63,0.93,ID,1711847398
76,chibougamau,49.9168,-74.3659,-7.21,68,20,4.12,CA,1711847398
77,qaqortoq,60.7167,-46.0333,-4.49,86,88,0.87,GL,1711847398
78,college,64.8569,-147.8028,7.18,42,100,6.17,US,1711847399
79,invercargill,-46.4,168.35,12.23,87,100,1.34,NZ,1711847356
80,afaahiti,-17.75,-149.2833,28.93,80,52,9.35,PF,1711847400
81,shitanjing,39.2342,106.3439,13.21,22,0,3.05,CN,1711847400
82,saldanha,-33.0117,17.9442,16.97,85,5,5.01,ZA,1711847400
83,soroca,48.1558,28.2975,13.31,75,98,2.61,MD,1711847401
84,papatowai,-46.5619,169.4708,12.11,72,100,1.05,NZ,1711847402
85,tongshan,34.1805,117.1571,14.28,57,100,3.1,CN,1711847403
86,mili,6.0815,171.735,28.08,79,57,9.21,MH,1711847403
87,aripuana,-9.1667,-60.6333,23.9,97,100,0.66,BR,1711847120
88,ust-nera,64.5667,143.2,-10.89,90,100,1.69,RU,1711847404
89,belyy yar,53.6039,91.3903,3.94,70,0,8.0,RU,1711847404
90,ludwin,51.3461,22.9058,14.44,67,0,2.57,PL,1711847405
91,lihue,21.9789,-159.3672,25.77,72,75,6.17,US,1711847405
92,yamba,-5.9,22.3,22.74,95,100,1.06,CD,1711847406
93,port mathurin,-19.6833,63.4167,26.97,85,100,3.69,MU,1711847407
94,fonte boa,-2.4959,-66.2662,23.28,98,89,0.58,BR,1711847123
95,aral,40.5156,81.2636,14.75,28,80,2.8,CN,1711847408
96,pacific grove,36.6177,-121.9166,12.98,83,100,2.68,US,1711847408
97,san patricio,28.017,-97.5169,24.05,72,80,5.97,US,1711847409
98,washingtonville,41.4279,-74.166,11.73,36,100,3.09,US,1711847409
99,cerano,20.1167,-101.3833,25.87,16,25,1.52,MX,1711847410
100,kapuskasing,49.4169,-82.4331,-4.07,90,100,1.5,CA,1711847410
101,vorgashor,67.5833,63.95,-20.3,99,100,3.42,RU,1711847411
102,kharp,66.8014,65.8081,-20.83,90,16,4.04,RU,1711847411
103,mount gambier,-37.8333,140.7667,23.43,40,12,2.1,AU,1711847411
104,wailua homesteads,22.0669,-159.378,25.44,74,75,6.17,US,1711847412
105,kailua-kona,19.6406,-155.9956,25.98,80,75,4.63,US,1711847217
106,happy valley-goose bay,53.3168,-60.3315,0.94,98,100,1.86,CA,1711847413
107,ailuk,10.2197,169.9797,27.1,81,99,10.27,MH,1711847414
108,hammerfest,70.6634,23.6821,-4.75,80,75,5.66,NO,1711847415
109,codrington,-38.2667,141.9667,21.37,50,10,3.31,AU,1711847415
110,acarau,-2.8856,-40.12,25.01,89,100,2.78,BR,1711847292
111,dryden,49.7833,-92.7503,1.16,75,100,3.6,CA,1711847416
112,ipatovo,45.7181,42.9036,8.8,83,100,3.19,RU,1711847417
113,geraldton,-28.7667,114.6,20.23,77,81,6.17,AU,1711847417
114,kasongo-lunda,-6.4667,16.8167,21.76,98,100,0.27,CD,1711847418
115,weno,7.4515,151.8468,28.2,79,99,10.44,FM,1711847418
116,bairnsdale,-37.8333,147.6167,20.59,73,0,0.89,AU,1711847418
117,queenstown,-31.8976,26.8753,14.9,70,1,1.31,ZA,1711847419
118,vadso,70.0744,29.7487,-4.51,86,100,7.2,NO,1711847419
119,jamestown,42.097,-79.2353,5.01,99,100,2.06,US,1711847420
120,polyarnyy,69.1989,33.4478,-5.22,95,100,1.41,RU,1711847420
121,illizi,26.4833,8.4667,22.3,11,5,0.66,DZ,1711847421
122,north platte,41.1239,-100.7654,10.14,58,0,4.92,US,1711847421
123,iranshahr,27.2025,60.6848,19.65,21,3,2.17,IR,1711847422
124,smirnykh,49.75,142.8333,1.19,87,100,3.9,RU,1711847422
125,port augusta,-32.5,137.7667,27.91,46,0,3.28,AU,1711847423
126,nadi,-17.8,177.4167,29.0,74,75,1.54,FJ,1711847422
127,sao joao da barra,-21.6403,-41.0511,23.82,91,97,1.13,BR,1711847424
128,kupang,-10.1667,123.5833,32.32,79,20,2.57,ID,1711847424
129,constitucion,-35.3333,-72.4167,15.12,48,31,4.05,CL,1711847425
130,acapulco de juarez,16.8634,-99.8901,26.9,65,20,4.63,MX,1711847276
131,kapa'a,22.0752,-159.319,26.18,74,75,6.17,US,1711847163
132,brookings,44.3114,-96.7984,3.03,77,75,2.57,US,1711847190
133,tura,25.5198,90.2201,22.74,83,0,2.6,IN,1711847426
134,atherton,53.5237,-2.4935,8.47,74,100,0.89,GB,1711847427
135,vilyuysk,63.7553,121.6247,-15.0,91,61,1.79,RU,1711847427
136,mahibadhoo,3.7833,72.9667,28.52,72,0,1.79,MV,1711847428
137,bengkulu,-3.8004,102.2655,26.46,82,100,1.22,ID,1711847428
138,barra velha,-26.6322,-48.6847,25.52,95,18,0.79,BR,1711847429
139,hamilton,39.1834,-84.5333,21.35,48,0,4.12,US,1711847039
140,sao gabriel,-30.3364,-54.32,22.1,72,0,1.04,BR,1711847430
141,envira,-7.3,-70.2167,23.37,98,100,1.38,BR,1711847430
142,jiwani,25.05,61.7417,24.33,59,100,1.7,PK,1711847431
143,tongouson,5.0214,120.1328,28.07,76,100,1.9,PH,1711847431
144,stanley,54.868,-1.6985,2.62,93,0,0.51,GB,1711847274
145,nova vicosa,-17.8919,-39.3719,26.14,89,100,2.97,BR,1711847432
146,fuyu,45.1833,124.8167,-1.33,41,7,5.51,CN,1711847388
147,canon city,38.441,-105.2424,20.09,17,0,4.63,US,1711847433
148,cooper's town,26.8667,-77.5167,20.87,56,100,3.47,BS,1711847433
149,anadyr,64.75,177.4833,-17.72,84,75,4.0,RU,1711847434
150,azacualpa,15.3433,-88.5514,25.36,95,4,1.29,HN,1711847434
151,calama,-22.4667,-68.9333,15.42,47,0,1.51,CL,1711847435
152,teodoro sampaio,-22.5325,-52.1675,24.95,67,100,1.28,BR,1711847435
153,leninskiy,54.2781,37.4558,9.36,92,90,3.42,RU,1711847436
154,enewetak,11.3474,162.3373,27.18,80,87,8.47,MH,1711847436
155,carnarvon,-24.8667,113.6333,27.25,48,100,6.49,AU,1711847154
156,utrik,11.2278,169.8474,26.87,80,54,10.41,MH,1711847438
157,port lincoln,-34.7333,135.8667,22.22,53,3,1.67,AU,1711847199
158,konz,49.7,6.5833,9.49,95,100,1.78,DE,1711847438
159,cestos city,5.46,-9.5828,27.14,84,98,1.78,LR,1711847439
160,kone,-21.0595,164.8658,29.32,43,0,2.07,NC,1711847408
161,nuuk,64.1835,-51.7216,-2.66,74,21,3.09,GL,1711847440
162,riviere-du-loup,47.8304,-69.5342,-2.16,65,100,8.27,CA,1711847440
163,susuman,62.7833,148.1667,-8.34,96,100,1.34,RU,1711847441
164,miri,4.4148,114.0089,28.65,76,80,1.2,MY,1711847428
165,margaret river,-33.95,115.0667,17.98,73,93,6.3,AU,1711847441
166,qa'en,33.7265,59.1844,8.59,40,100,0.79,IR,1711847442
167,barra de santo antonio,-9.4047,-35.5072,25.6,89,94,1.4,BR,1711847442
168,corumba,-19.0092,-57.6533,27.46,68,76,1.42,BR,1711847285
169,taghazout,30.5426,-9.7112,16.43,88,100,4.14,MA,1711847443
170,egilsstadir,65.2653,-14.3948,-5.13,95,100,7.54,IS,1711847279
171,mazagao,-0.115,-51.2894,29.03,93,100,1.38,BR,1711847444
172,dawson creek,55.7666,-120.2362,5.63,44,100,1.06,CA,1711847231
173,quang ngai,15.1167,108.8,28.21,70,64,1.7,VN,1711847444
174,noshiro,40.2039,140.0242,6.84,54,13,5.58,JP,1711847445
175,phan thiet,10.9333,108.1,28.76,69,90,2.22,VN,1711847445
176,cururupu,-1.8283,-44.8683,24.27,96,93,0.36,BR,1711847257
177,lagos,6.5833,3.75,29.18,84,49,2.13,NG,1711847147
178,tazacorte,28.629,-17.9293,19.54,83,0,6.17,ES,1711847446
179,luau,-10.7073,22.2247,17.78,99,100,0.97,AO,1711847447
180,badger,64.8,-147.5333,7.14,41,20,6.17,US,1711847447
181,amungan,15.3652,119.9582,29.11,60,16,1.76,PH,1711847448
182,karur,10.95,78.0833,23.96,70,99,2.14,IN,1711847448
183,la'ie,21.6477,-157.9253,26.98,75,78,3.13,US,1711847448
184,vilyuchinsk,52.9306,158.4028,0.15,95,100,9.15,RU,1711847449
185,moses lake,47.1301,-119.2781,15.49,30,0,0.0,US,1711847298
186,pagar alam,-4.0167,103.2667,23.55,92,100,0.47,ID,1711847450
187,lensk,60.7253,114.9278,-12.5,87,50,1.72,RU,1711847450
188,st. john's,47.5649,-52.7093,4.66,94,100,2.57,CA,1711847187
189,ostersund,63.1792,14.6357,0.25,100,100,1.03,SE,1711847451
190,dunedin,-45.8742,170.5036,12.11,97,84,2.03,NZ,1711847394
191,aleg,17.0481,-13.9209,27.28,17,10,3.95,MR,1711847452
192,lebu,-37.6167,-73.65,13.16,76,100,9.12,CL,1711847452
193,mantua,45.1667,10.7833,13.53,93,78,1.34,IT,1711847453
194,kodiak,57.79,-152.4072,3.73,87,100,6.17,US,1711847453
195,zhangjiajie,29.1294,110.4783,21.93,78,38,0.3,CN,1711847454
196,hermanus,-34.4187,19.2345,21.47,58,5,1.76,ZA,1711847454
197,sheldon,43.1811,-95.8561,5.06,76,100,3.6,US,1711847337
198,virginia,37.5481,-77.4467,21.08,36,20,5.14,US,1711846813
199,niquelandia,-14.4739,-48.4597,23.15,90,100,0.77,BR,1711847441
200,ust'-ilimsk,58.0006,102.6619,-4.76,92,100,4.02,RU,1711847456
201,mananjary,-21.2167,48.3333,23.27,94,98,1.57,MG,1711847456
202,saint-francois,46.4154,3.9054,9.69,67,0,4.12,FR,1711847244
203,aioun,16.6614,-9.6149,29.15,19,12,4.66,MR,1711847457
204,naantali,60.4674,22.0243,0.23,100,100,1.54,FI,1711847458
205,east london,-33.0153,27.9116,20.77,80,6,8.9,ZA,1711847458
206,georgetown,5.4112,100.3354,28.3,89,20,0.0,MY,1711847328
207,puerto armuelles,8.2833,-82.8667,30.05,53,99,0.45,PA,1711847459
208,bosobolo,4.1833,19.9,25.47,60,48,1.64,CD,1711847460
209,coahuayana de hidalgo,18.7,-103.6583,24.19,64,83,1.95,MX,1711847460
210,san borja,-14.8167,-66.85,24.12,93,100,0.75,BO,1711847461
211,villa gesell,-37.2639,-56.973,17.81,48,100,7.06,AR,1711847314
212,cockburn town,21.4612,-71.1419,23.67,63,29,8.13,TC,1711847462
213,necochea,-38.5473,-58.7368,14.91,61,100,3.84,AR,1711847163
214,ayaviri,-14.8864,-70.5889,8.82,79,97,1.11,PE,1711847463
215,belmonte,-15.8631,-38.8828,26.43,84,100,1.42,BR,1711847463
216,praia da vitoria,38.7333,-27.0667,11.53,73,100,9.32,PT,1711847464
217,madalena,41.2162,-8.3345,7.32,95,100,1.35,PT,1711847464
218,kruisfontein,-34.0033,24.7314,16.6,74,3,2.48,ZA,1711847464
219,lae,-6.7221,146.9847,32.58,58,100,1.35,PG,1711847465
220,uturoa,-16.7333,-151.4333,29.05,78,40,8.21,PF,1711847465
221,fort bragg,35.139,-79.006,20.46,33,0,3.6,US,1711847439
222,yanggu,36.1106,115.7753,15.71,38,0,6.68,CN,1711847466
223,boromo,11.75,-2.9333,34.0,26,100,0.88,BF,1711847466
224,tafresh,34.692,50.013,8.54,43,100,1.88,IR,1711847467
225,dodge city,37.7528,-100.0171,16.25,58,0,4.12,US,1711847467
226,nashville,36.1659,-86.7844,23.06,59,99,3.37,US,1711846673
227,baiti,13.745,-14.7482,29.58,21,17,4.9,SN,1711847468
228,armacao de buzios,-22.7469,-41.8817,23.01,91,0,4.79,BR,1711847421
229,hawaiian paradise park,19.5933,-154.9731,25.73,77,75,5.66,US,1711847469
230,vel'sk,61.0701,42.0983,3.48,88,100,4.47,RU,1711847469
231,bikenibeu village,1.3673,173.1241,30.98,79,40,5.14,KI,1711847470
232,bagha purana,30.6833,75.1,16.1,85,5,2.72,IN,1711847470
233,as sulayyil,20.4607,45.5779,19.14,74,82,5.65,SA,1711847471
234,oamaru,-45.0784,170.9801,13.54,76,85,3.0,NZ,1711847471
235,hithadhoo,-0.6,73.0833,28.58,74,9,0.81,MV,1711847471
236,lompoc,34.6391,-120.4579,12.94,87,75,7.2,US,1711847265
237,alice springs,-23.7,133.8833,27.34,65,100,2.57,AU,1711847472
238,solnechnyy,50.7214,136.6319,-3.87,93,100,1.3,RU,1711847473
239,yabelo,4.8833,38.0833,17.44,74,82,3.55,ET,1711847473
240,mogocha,53.7333,119.7667,-9.49,57,85,4.85,RU,1711847474
241,puerto maldonado,-12.6,-69.1833,24.87,89,100,1.06,PE,1711847436
242,nayoro,44.3506,142.4578,2.45,75,77,7.07,JP,1711847475
243,yeppoon,-23.1333,150.7333,26.88,62,51,7.13,AU,1711847475
244,carbonear,47.7332,-53.2148,4.68,93,100,3.85,CA,1711847476
245,saipan,15.1355,145.701,32.39,58,20,8.75,MP,1711847476
246,coquimbo,-29.9533,-71.3436,17.78,84,8,0.98,CL,1711847240
247,navojoa,27.1,-109.4333,22.35,52,100,5.88,MX,1711847280
248,turochak,52.2576,87.1224,2.36,80,100,2.22,RU,1711847478
249,sarangani,5.4033,125.4636,27.86,79,100,9.13,PH,1711847479
250,verkhnevilyuysk,63.4453,120.3167,-12.91,89,15,1.67,RU,1711847480
251,revda,56.801,59.9303,0.91,97,100,4.73,RU,1711847480
252,beyneu,45.3167,55.2,6.8,51,100,5.69,KZ,1711847481
253,urangan,-25.3,152.9,26.22,77,13,4.92,AU,1711847482
254,labytnangi,66.6572,66.4183,-20.52,86,3,3.86,RU,1711847482
255,jayapura,-2.5333,140.7,31.66,71,72,1.97,ID,1711847460
256,mangai,-4.05,19.5333,20.91,98,100,1.07,CD,1711847483
257,kerikeri,-35.2268,173.9474,23.28,51,0,0.89,NZ,1711847402
258,broken hill,-31.95,141.4333,25.24,62,100,5.61,AU,1711847371
259,isafjordur,66.0755,-23.124,-3.99,71,94,13.26,IS,1711847485
260,mimizan,44.2006,-1.2289,10.49,73,99,3.29,FR,1711847485
261,maardu,59.4767,25.025,0.0,100,100,1.54,EE,1711847486
262,ylitornio,66.3089,23.6773,-11.87,100,100,1.43,FI,1711847486
263,taulaga,-11.0553,-171.0883,29.87,72,7,4.56,AS,1711847487
264,fale old settlement,-9.3852,-171.2468,30.02,73,5,5.29,TK,1711847487
265,chul'man,56.8479,124.9104,-15.27,84,100,4.9,RU,1711847204
266,ampanihy,-24.7,44.75,20.79,92,45,4.76,MG,1711847488
267,urumqi,43.801,87.6005,5.53,93,100,3.0,CN,1711847488
268,karangampel,-6.4622,108.4519,28.69,72,12,1.28,ID,1711847489
269,cukai,4.25,103.4167,26.76,83,93,0.81,MY,1711847489
270,arraial do cabo,-22.9661,-42.0278,23.9,89,7,8.14,BR,1711847301
271,pesqueira,-8.3578,-36.6964,21.43,88,100,0.66,BR,1711847490
272,kingston,17.997,-76.7936,28.53,72,20,5.14,JM,1711847491
273,upington,-28.4478,21.2561,24.26,51,0,7.62,ZA,1711847297
274,keningau,5.3378,116.1602,27.71,75,84,1.28,MY,1711847491
275,buta,2.7858,24.73,24.55,85,100,1.94,CD,1711847492
276,shalqar,47.8333,59.6,1.51,66,0,2.15,KZ,1711847492
277,ribas do rio pardo,-20.4431,-53.7592,24.22,83,100,1.01,BR,1711847493
278,kununurra,-15.7667,128.7333,32.99,62,100,2.57,AU,1711847350
279,tolbazy,54.0241,55.8825,-1.63,90,100,4.83,RU,1711847494
280,bonny,4.4522,7.1681,28.28,82,100,4.62,NG,1711847494
281,mutoko,-17.397,32.2268,14.77,90,84,1.19,ZW,1711847495
282,abbeville,50.1,1.8333,6.98,95,51,3.87,FR,1711847495
283,ponta delgada,37.7333,-25.6667,12.4,71,40,5.66,PT,1711847496
284,kachug,53.9606,105.8817,-7.19,91,53,0.89,RU,1711847496
285,tome acu,-2.4189,-48.1522,24.57,97,100,0.51,BR,1711847256
286,sinop,41.7711,34.8709,14.3,58,100,4.54,TR,1711847341
287,kuanda,56.3161,116.0806,-16.23,85,28,1.09,RU,1711847498
288,leua,48.2156,18.6071,13.61,74,100,2.63,SK,1711847498
289,al jawf,29.5,38.75,12.54,73,0,2.62,SA,1711847499
290,san antonio de pale,-1.4014,5.6325,28.56,81,100,4.84,GQ,1711847499
291,la passe,45.5549,-0.8967,10.13,93,93,4.62,FR,1711847499
292,lacy-lakeview,31.6293,-97.1028,22.48,76,40,6.17,US,1711847500
293,taro,-8.3862,115.28,25.0,81,38,1.26,ID,1711847500
294,richards bay,-28.783,32.0377,21.56,76,100,2.39,ZA,1711847363
295,prince rupert,54.3161,-130.3201,6.79,74,100,2.08,CA,1711847329
296,pigeon forge,35.7884,-83.5543,20.92,42,0,3.09,US,1711847453
297,siracusa,37.0881,15.2792,16.65,88,100,1.74,IT,1711847359
298,chebba,35.2372,11.115,20.3,47,8,3.99,TN,1711847503
299,okhotsk,59.3833,143.3,-0.68,74,100,4.1,RU,1711847503
300,lom sak,16.7798,101.2422,29.93,57,0,2.8,TH,1711847504
301,haiku-pauwela,20.9219,-156.3051,27.01,68,40,9.26,US,1711847505
302,petropavlovsk-kamchatsky,53.0452,158.6483,-0.67,88,75,7.0,RU,1711847505
303,mathba,22.2855,89.9629,26.51,81,0,2.81,BD,1711847506
304,ulsteinvik,62.3432,5.8487,7.73,83,100,0.89,NO,1711847506
305,nacozari viejo,30.4,-109.65,16.68,32,100,8.96,MX,1711847507
306,falkenberg,56.9055,12.4912,10.08,79,100,4.21,SE,1711847507
307,saurimo,-9.6608,20.3916,19.54,98,100,1.14,AO,1711847508
308,hoopstad,-27.8327,25.9083,16.9,67,100,2.46,ZA,1711847508
309,tangalle,6.024,80.7911,24.09,92,25,2.9,LK,1711847509
310,cruzeiro do sul,-29.5128,-51.9853,24.73,90,45,1.77,BR,1711847509
311,dzuunharaa,48.8523,106.4579,-1.09,80,100,1.13,MN,1711847297
312,sinabang,2.4803,96.3801,26.88,85,100,1.06,ID,1711847510
313,tual,-5.6667,132.75,28.81,75,33,5.34,ID,1711847511
314,gadzhiyevo,69.2551,33.3362,-5.43,96,100,1.26,RU,1711847511
315,brampton,43.6834,-79.7663,6.48,64,98,1.79,CA,1711847448
316,itoman,26.1247,127.6694,24.21,88,75,4.63,JP,1711847512
317,argo,37.6333,22.7333,15.24,51,88,1.56,GR,1711847513
318,tukrah,32.5341,20.5791,18.65,52,0,6.27,LY,1711847513
319,ertingen,48.1,9.4667,8.87,94,100,0.64,DE,1711847514
320,al ain city,24.1917,55.7606,19.79,94,55,2.06,AE,1711847514
321,ouallam,14.3188,2.0866,31.51,13,100,4.68,NE,1711847514
322,eilat,29.5581,34.9482,23.91,31,0,3.09,IL,1711847515
323,north bend,43.4065,-124.2243,15.55,71,0,11.32,US,1711847229
324,saint-pierre,-21.3393,55.4781,24.82,78,100,2.06,RE,1711847516
325,baro,8.6,6.4167,29.43,59,9,1.19,NG,1711847299
326,aykhal,66.0,111.5,-12.83,92,100,9.63,RU,1711847517
327,fellsmere,27.7678,-80.6014,22.77,73,44,3.89,US,1711847517
328,borogontsy,62.6683,131.1683,-16.68,91,74,1.86,RU,1711847517
329,carranglan,15.9613,121.0641,28.99,56,99,1.48,PH,1711847518
330,mogadishu,2.0371,45.3438,28.22,80,100,6.72,SO,1711847518
331,albertina,-22.2008,-46.6158,17.37,93,15,1.28,BR,1711847519
332,tindouf,27.6711,-8.1474,15.07,67,100,3.85,DZ,1711847519
333,shakiso,5.75,38.9167,15.57,96,89,1.71,ET,1711847520
334,salahonda,2.1019,-78.7217,27.17,79,82,2.77,CO,1711847520
335,nemuro,43.3236,145.575,1.8,97,100,10.31,JP,1711847521
336,porto novo,6.4965,2.6036,27.95,82,100,3.42,BJ,1711847521
337,korla,41.7597,86.1469,16.0,30,100,5.86,CN,1711847522
338,tyre,33.2733,35.1939,22.34,63,0,1.76,LB,1711847522
339,esmeraldas,-19.7625,-44.3139,24.3,90,87,1.05,BR,1711847523
340,mahina,-17.5065,-149.489,29.87,70,75,1.03,PF,1711847524
341,kudahuvadhoo,2.6708,72.8944,28.49,70,1,1.23,MV,1711847525
342,nurota,40.5614,65.6886,5.65,37,0,1.78,UZ,1711847525
343,port douglas,-16.4833,145.4667,27.34,65,97,5.52,AU,1711847526
344,takhatgarh,25.3333,73.0,20.28,47,0,2.5,IN,1711847526
345,bushehr,28.9684,50.8385,21.92,46,99,3.18,IR,1711847518
346,ejura,7.3856,-1.3562,27.5,72,37,1.83,GH,1711847527
347,tralee,52.2704,-9.7026,5.43,94,100,3.54,IE,1711847528
348,spassk,52.747,87.7545,1.53,97,100,1.79,RU,1711847529
349,buncrana,55.1333,-7.45,4.09,94,100,2.25,IE,1711847530
350,chapaev,50.2,51.1667,5.9,71,100,6.06,KZ,1711847530
351,inirida,3.8653,-67.9239,26.12,79,33,1.23,CO,1711847531
352,marat,25.0701,45.4615,19.14,38,71,4.74,SA,1711847531
353,port hedland,-20.3167,118.5667,33.03,43,0,3.6,AU,1711847532
354,pathein,16.7833,94.7333,27.27,56,0,4.14,MM,1711847533
355,midvagur,62.0511,-7.1939,4.46,87,100,4.63,FO,1711847533
356,tres arroyos,-38.3739,-60.2798,12.92,64,100,2.73,AR,1711847176
357,xingtai,37.0631,114.4942,18.32,38,0,4.58,CN,1711847534
358,thornbury,52.2333,-2.55,7.33,84,100,1.93,GB,1711847535
359,sejny,54.108,23.347,12.01,86,100,3.07,PL,1711847535
360,boguchany,58.3814,97.4531,1.03,100,100,3.13,RU,1711847536
361,vila franca do campo,37.7167,-25.4333,12.23,61,100,8.57,PT,1711847536
362,bonthe,7.5264,-12.505,25.4,81,100,2.61,SL,1711847537
363,udachny,66.4167,112.4,-11.14,85,100,8.33,RU,1711847537
364,kavieng,-2.5744,150.7967,29.21,75,94,3.54,PG,1711847539
365,remire-montjoly,4.9167,-52.2667,26.02,94,0,0.0,GF,1711847539
366,salinopolis,-0.6136,-47.3561,26.24,87,100,1.73,BR,1711847540
367,aquiraz,-3.9014,-38.3911,27.05,96,100,4.33,BR,1711847540
368,amahai,-3.3333,128.9167,30.21,66,92,1.09,ID,1711847541
369,klyuchi,52.2667,79.1667,-0.34,85,92,5.1,RU,1711847541
370,colonia,50.9333,6.95,9.42,88,0,0.0,DE,1711847428
371,san pedro pochutla,15.7333,-96.4667,27.84,61,2,1.83,MX,1711847542
372,el granada,37.5027,-122.4694,16.94,72,100,6.69,US,1711847543
373,luganville,-15.5333,167.1667,27.62,78,100,5.35,VU,1711847543
374,igarka,67.4667,86.5833,-4.62,97,100,2.3,RU,1711847544
375,rio de janeiro,-22.9028,-43.2075,25.98,80,20,3.6,BR,1711846888
376,kodinar,20.7903,70.7031,22.55,62,1,5.35,IN,1711847545
377,gurupa,-1.405,-51.64,23.38,94,100,0.64,BR,1711847486
378,guisa,20.255,-76.5386,20.0,75,0,2.97,CU,1711847547
379,coro,11.4045,-69.6734,25.2,74,72,5.87,VE,1711847515
380,el calafate,-50.3408,-72.2768,5.34,73,14,4.13,AR,1711847505
381,meerbusch,51.2833,6.6667,9.56,93,100,1.03,DE,1711847549
382,jucurutu,-6.0339,-37.0203,24.02,92,100,1.2,BR,1711847549
383,piacabucu,-10.4056,-36.4344,26.12,89,100,2.47,BR,1711847550
384,saint-philippe,-21.3585,55.7679,24.77,82,12,3.27,RE,1711847551
385,ghat,24.9647,10.1728,22.88,9,0,2.19,LY,1711847551
386,diapaga,12.0708,1.7889,32.14,7,99,2.21,BF,1711847552
387,puerto deseado,-47.7503,-65.8938,9.69,52,0,4.91,AR,1711847553
388,challapata,-18.9,-66.7667,11.42,65,37,3.41,BO,1711847484
389,chonchi,-42.6128,-73.8092,6.56,85,100,0.6,CL,1711847554
390,wanning,18.8003,110.3967,27.62,79,59,5.65,CN,1711847554
391,kismayo,-0.3582,42.5454,29.07,73,100,5.94,SO,1711847555
392,lazaro cardenas,17.9583,-102.2,25.56,62,100,3.36,MX,1711847280
393,menongue,-14.6585,17.691,17.96,98,100,1.96,AO,1711847556
394,shahrud,36.4182,54.9763,8.97,28,15,0.8,IR,1711847557
395,ilam,26.9167,87.9167,18.56,73,1,1.66,NP,1711847557
396,west bay,19.3667,-81.4167,26.04,74,20,5.66,KY,1711847558
397,shingu,33.7333,135.9833,21.55,54,26,1.77,JP,1711847558
398,naze,28.3667,129.4833,21.35,63,1,2.52,JP,1711847559
399,mangrol,21.1167,70.1167,22.73,76,7,6.06,IN,1711847559
400,tacuarembo,-31.7333,-55.9833,21.23,64,0,1.62,UY,1711847560
401,sangmelima,2.9333,11.9833,21.48,97,100,1.9,CM,1711847560
402,khandyga,62.6667,135.6,-12.09,81,42,2.46,RU,1711847561
403,burabay,53.0838,70.3138,-1.42,82,67,4.62,KZ,1711847561
404,zaragoza,41.6561,-0.8773,11.93,76,100,1.54,ES,1711847562
405,lamu,-2.2717,40.902,27.85,83,98,3.63,KE,1711847562
406,cova figueira,14.8905,-24.2934,19.3,77,81,6.72,CV,1711847563
407,mbaiki,3.8678,17.9892,24.96,58,79,1.32,CF,1711847563
408,n'zeto,-7.2312,12.8666,27.26,90,100,3.09,AO,1711847564
409,pangody,65.85,74.4859,-17.27,95,100,7.54,RU,1711847564
410,mkushi,-13.6202,29.3939,18.64,74,80,4.06,ZM,1711847565
411,xilin hot,43.9667,116.0333,-1.16,40,6,1.74,CN,1711847565
412,likasi,-10.9814,26.7333,17.6,99,100,1.07,CD,1711847567
413,paciran,-6.8767,112.3761,28.19,80,83,1.85,ID,1711847567
414,vershino-darasunskiy,52.35,115.5167,-9.14,45,0,2.2,RU,1711847568
415,villa huidobro,-34.8383,-64.5869,17.54,45,22,3.33,AR,1711847568
416,yatou,37.15,122.3833,9.21,42,100,4.02,CN,1711847569
417,las khorey,11.1595,48.1967,26.88,73,100,0.47,SO,1711847570
418,sorong,-0.8833,131.25,28.98,75,62,2.8,ID,1711847571
419,bolands,17.0657,-61.8747,24.49,93,64,5.97,AG,1711847571
420,raikot,30.65,75.6,16.57,80,0,2.83,IN,1711847572
421,preobrazheniye,42.9019,133.9064,3.57,48,1,5.46,RU,1711847572
422,petropavlovka,50.6114,105.3196,0.52,55,100,0.26,RU,1711847573
423,novozavedennoye,44.2628,43.6381,5.61,78,100,2.48,RU,1711847574
424,howard springs,-12.497,131.047,31.1,83,48,3.39,AU,1711847574
425,howrah,22.5892,88.3103,25.0,83,20,3.09,IN,1711847575
426,ndele,8.4109,20.6473,25.7,15,100,1.17,CF,1711847575
427,barra do corda,-5.5,-45.25,24.09,97,100,1.28,BR,1711847576
428,todos santos,23.45,-110.2167,26.28,75,100,1.76,MX,1711847550
429,yaren,-0.5472,166.916,28.2,81,19,8.0,NR,1711847577
430,torghay,49.6339,63.4981,-1.37,82,73,3.17,KZ,1711847578
431,hadibu,12.65,54.0333,25.94,74,0,2.75,YE,1711847579
432,touros,-5.1989,-35.4608,25.16,92,100,4.11,BR,1711847579
433,lubango,-14.9172,13.4925,15.82,88,93,1.28,AO,1711847580
434,nyurba,63.2842,118.3319,-14.08,90,57,2.3,RU,1711847581
435,sao felix do xingu,-6.6447,-51.995,24.03,93,100,0.78,BR,1711847430
436,shenkursk,62.1091,42.896,1.39,99,100,2.31,RU,1711847582
437,gutierrez zamora,20.45,-97.0833,25.9,87,3,5.22,MX,1711847582
438,fenoarivo atsinanana,-17.3667,49.4167,23.62,93,17,2.0,MG,1711847583
439,sandersville,32.9815,-82.8101,18.26,47,0,0.45,US,1711847583
440,riyadh,24.6877,46.7219,19.08,38,100,4.04,SA,1711847401
441,khorugh,37.4897,71.553,-5.61,91,47,1.07,TJ,1711847584
442,tarakan,3.3,117.6333,27.72,83,75,3.6,ID,1711847585
443,chichiriviche,10.9333,-68.2772,25.55,71,100,4.07,VE,1711847585
444,antofagasta,-23.65,-70.4,18.6,82,29,1.94,CL,1711847004
445,alesund,62.4723,6.1549,7.73,96,100,1.03,NO,1711847586
446,enshi,30.3,109.4833,18.25,78,61,0.42,CN,1711847458
447,barentu,15.1139,37.5928,23.82,48,12,1.67,ER,1711847587
448,tolanaro,-25.0319,46.9987,22.82,90,6,1.69,MG,1711847587
449,nchelenge,-9.3451,28.734,19.75,94,100,4.48,ZM,1711847588
450,ha'il,27.5219,41.6907,13.01,67,0,1.03,SA,1711847588
451,abeche,13.8292,20.8324,29.89,12,100,7.01,TD,1711847589
452,massa lubrense,40.6053,14.3667,18.04,100,100,7.53,IT,1711847589
453,ouadda,8.0777,22.4007,22.87,13,88,1.4,CF,1711847590
454,dalandzadgad,43.5708,104.425,11.85,26,62,1.56,MN,1711847297
455,danville,36.586,-79.395,19.05,36,0,3.6,US,1711847010
456,hola,51.5377,23.1902,14.1,77,98,3.9,PL,1711847591
457,nabire,-3.3667,135.4833,28.19,81,83,0.77,ID,1711847592
458,lerwick,60.1545,-1.1494,7.0,91,14,2.44,GB,1711847592
459,sao vicente,-23.9631,-46.3919,25.15,26,6,1.75,BR,1711847300
460,aconibe,1.2968,10.9369,20.92,99,70,1.45,GQ,1711847594
461,bagayevskaya,47.32,40.38,11.16,73,88,2.18,RU,1711847594
462,marquette,46.5333,-87.6335,0.58,89,100,1.26,US,1711847595
463,loreto,22.2667,-101.9667,22.62,12,87,4.82,MX,1711847595
464,childress,34.4264,-100.204,20.14,52,0,2.57,US,1711847596
465,hard bargain,26.3167,-77.5667,21.25,55,77,4.44,BS,1711847487
466,erenhot,43.6475,111.9767,4.04,29,98,3.24,CN,1711847597
467,portland,45.5234,-122.6762,18.02,35,75,4.63,US,1711847418
468,lake havasu city,34.4839,-114.3224,16.24,62,100,7.2,US,1711847598
469,selfoss,63.9331,-20.9971,-2.83,52,28,8.88,IS,1711847599
470,haradok,55.4624,29.9816,7.43,90,40,2.06,BY,1711847599
471,lebowakgomo,-24.2,29.5,11.25,92,1,2.26,ZA,1711847600
472,trevelin,-43.0858,-71.4639,5.01,86,88,2.81,AR,1711847600
473,yermentau,51.6214,73.1069,-4.46,81,93,7.55,KZ,1711847601
474,rantepao,-2.9701,119.8978,25.42,80,71,0.43,ID,1711847442
475,shinkafi,13.0753,6.5105,29.63,9,99,3.28,NG,1711847602
476,sheki,41.1919,47.1706,8.52,72,2,2.0,AZ,1711847602
477,galle,6.0367,80.217,25.4,87,11,2.28,LK,1711847311
478,east ballina,-28.8667,153.5833,24.89,66,100,4.41,AU,1711847603
479,caucete,-31.6518,-68.2811,24.61,25,0,6.45,AR,1711847386
480,forster,-32.1667,152.5167,26.27,66,98,2.04,AU,1711847604
481,melfort,52.8667,-104.6177,-3.13,55,98,2.05,CA,1711847308
482,harstad,68.799,16.5293,-2.14,94,100,2.24,NO,1711847605
483,galveston,29.3669,-94.9669,22.32,82,40,4.12,US,1711847331
484,barclayville,4.6797,-8.2339,25.39,89,93,1.5,LR,1711847606
485,ilhabela,-23.7781,-45.3581,22.68,90,4,1.05,BR,1711847607
486,nalut,30.3333,10.85,21.4,13,3,3.92,LY,1711847607
487,port hueneme,34.1478,-119.1951,14.37,81,75,9.77,US,1711847608
488,nukus,42.4531,59.6103,2.99,60,0,1.03,UZ,1711847608
489,zalingei,12.9096,23.4741,26.86,11,100,6.71,SD,1711847608
490,morehead city,34.7229,-76.726,17.23,72,0,7.72,US,1711847609
491,akureyri,65.6835,-18.0878,-5.74,96,100,1.82,IS,1711847313
492,yangjiang,21.85,111.9667,26.67,81,65,4.16,CN,1711847610
493,lagoa,39.05,-27.9833,12.93,59,100,10.4,PT,1711847610
494,malango,-2.9627,119.9001,25.41,80,72,0.44,ID,1711847610
495,kampene,-3.6,26.6667,20.78,96,100,0.88,CD,1711847611
496,gisborne,-38.6533,178.0042,14.79,75,100,7.97,NZ,1711847611
497,hobyo,5.3505,48.5268,27.91,73,52,6.19,SO,1711847612
498,tromso,69.6496,18.957,-1.99,64,100,5.14,NO,1711847397
499,mahebourg,-20.4081,57.7,25.7,93,100,3.33,MU,1711847613
500,pinckneyville,38.0803,-89.382,22.19,81,94,2.77,US,1711847613
501,xiva,41.3783,60.3639,3.99,32,81,5.1,UZ,1711847613
502,taltal,-25.4,-70.4833,20.69,80,66,2.32,CL,1711847422
503,chui,-33.6971,-53.4616,21.09,82,5,2.23,UY,1711847464
504,nykvarn,59.8,18.3,6.24,83,94,2.05,SE,1711847615
505,lata,40.1629,-8.3327,7.82,97,100,2.5,PT,1711847615
506,greenville,35.6127,-77.3663,19.51,37,0,2.57,US,1711847615
507,sigli,5.3848,95.9609,27.2,78,100,1.56,ID,1711847616
508,san francisco de la paz,14.9,-86.2,26.84,66,73,1.41,HN,1711847616
509,ahiri,19.4,80.0167,28.48,47,21,1.68,IN,1711847617
510,luderitz,-26.6481,15.1594,15.2,96,12,0.84,NA,1711847617
511,macau,22.2006,113.5461,28.17,100,75,4.12,MO,1711847465
512,ak-dovurak,51.1833,90.6,0.06,98,100,0.89,RU,1711847618
513,salekhard,66.53,66.6019,-21.07,88,4,3.47,RU,1711847618
514,thunder bay,48.4001,-89.3168,-1.92,97,51,1.18,CA,1711847414
515,santiago de cuba,20.0247,-75.8219,26.06,57,40,4.63,CU,1711847619
516,rumoi,43.9344,141.6428,2.84,61,54,9.1,JP,1711847620
517,szekesfehervar,47.1899,18.4103,13.72,58,100,3.0,HU,1711847620
518,nanma,36.1817,118.1583,13.26,24,76,3.5,CN,1711847621
519,dingzhou,38.5131,114.9956,14.26,36,0,4.45,CN,1711847621
520,mandalgovi,45.7625,106.2708,3.78,48,20,3.25,MN,1711847622
521,guarapari,-20.6667,-40.4975,24.38,96,100,3.8,BR,1711847622
522,san alberto,7.7611,-73.3922,28.44,69,98,1.27,CO,1711847465
523,tarija,-21.5355,-64.7296,19.5,71,63,1.11,BO,1711847623
524,santa elena de uairen,4.6167,-61.1333,22.34,83,100,1.84,VE,1711847624
525,macapa,0.0389,-51.0664,28.99,84,40,3.09,BR,1711847523
526,waspan,14.7419,-83.9717,23.88,92,50,1.94,NI,1711847625
527,cananea,30.95,-110.3,16.34,35,100,10.82,MX,1711847625
528,namsos,64.4662,11.4957,5.03,87,100,6.69,NO,1711847626
529,cill airne,52.05,-9.5167,5.25,96,100,2.06,IE,1711847626
530,turpan,42.9333,89.1667,18.68,33,100,4.08,CN,1711847627
531,mermoz boabab,14.7065,-17.4758,19.31,86,70,7.3,SN,1711847627
532,castillos,-34.1667,-53.8333,20.64,80,28,1.96,UY,1711847627
533,tatarsk,55.219,75.9828,-3.24,96,94,4.53,RU,1711847628
534,letterkenny,54.95,-7.7333,3.22,96,100,1.11,IE,1711847628
535,christchurch,-43.5333,172.6333,15.51,69,100,2.57,NZ,1711847413
536,kimberley,-28.7323,24.7623,19.38,60,18,4.43,ZA,1711847629
537,ak-suu,42.4995,78.527,-0.43,89,100,2.66,KG,1711847630
538,port macquarie,-31.4333,152.9167,24.38,64,57,2.49,AU,1711847586
539,sant lluis,39.8526,4.2594,14.22,94,0,4.63,ES,1711847631
540,shalazhi,43.0978,45.3608,11.07,75,69,2.24,RU,1711847631
541,horta,38.5333,-28.6333,12.23,77,100,2.24,PT,1711847632
542,haparanda,65.8355,24.1368,-5.97,99,77,2.32,SE,1711847632
543,bathsheba,13.2167,-59.5167,26.34,83,20,5.66,BB,1711847632
544,ormara,25.2088,64.6357,24.39,32,100,4.5,PK,1711847633
545,kindu,-2.95,25.95,22.22,98,100,1.0,CD,1711847633
546,new norfolk,-42.7826,147.0587,17.73,55,95,0.68,AU,1711847634
547,riberalta,-10.9833,-66.1,24.28,98,100,1.07,BO,1711847467
548,banff,51.1762,-115.5698,1.09,72,100,1.54,CA,1711847635
549,ketchikan,55.3422,-131.6461,8.26,66,75,4.12,US,1711847587
550,wakkanai,45.4094,141.6739,4.49,62,19,6.71,JP,1711847635
551,ndende,-2.4008,11.3581,23.89,98,100,0.82,GA,1711847636
552,porto belo,-27.1578,-48.5531,25.54,93,7,1.26,BR,1711847636
553,pisco,-13.7,-76.2167,24.03,78,0,7.2,PE,1711847637
554,cidreira,-30.1811,-50.2056,22.22,84,0,4.3,BR,1711847487
555,katsuura,35.1333,140.3,19.5,67,0,10.39,JP,1711847637
556,luena,-11.7833,19.9167,18.19,98,100,1.49,AO,1711847638
557,mil'kovo,55.6078,37.7956,6.3,96,20,2.57,RU,1711847638
558,rongelap,11.1635,166.8941,27.24,80,98,8.45,MH,1711847639
559,kongolo,-5.3833,27.0,22.09,97,100,0.92,CD,1711847639
560,hurricane,37.1753,-113.2899,11.39,89,99,1.34,US,1711847640
561,vernon,50.2581,-119.2691,12.56,42,98,1.19,CA,1711847490
562,dolinsk,47.35,142.8,3.18,63,75,6.35,RU,1711847640
563,zdvinsk,54.7021,78.661,-2.01,86,100,6.57,RU,1711847641
564,san lawrenz,36.0553,14.204,17.67,76,96,7.86,MT,1711847641
565,flagstaff,35.1981,-111.6513,10.56,31,75,9.26,US,1711847587
566,imperatriz,-5.5264,-47.4917,23.4,97,73,0.71,BR,1711846887
567,ghadamis,30.1337,9.5007,22.72,13,3,4.69,LY,1711847643
568,ilomantsi,62.6716,30.9328,1.5,98,100,2.77,FI,1711847644
569,kloulklubed,7.0419,134.2556,30.28,76,100,8.38,PW,1711847644
570,baki,-7.6128,110.7839,27.5,79,71,5.11,ID,1711847645
571,ridder,50.355,83.5133,-0.47,98,100,1.86,KZ,1711847645
572,xinzhi,36.4989,111.7047,19.16,31,0,2.11,CN,1711847646
573,al khafji,28.4391,48.4913,21.1,74,100,5.81,SA,1711847647
574,sandnessjoen,66.0217,12.6316,1.29,92,100,3.75,NO,1711847648
575,la libertad,-2.2333,-80.9,24.2,78,63,3.14,EC,1711847648
576,minas de marcona,-15.2119,-75.1103,18.67,79,100,4.48,PE,1711847649
577,barranca,-10.75,-77.7667,22.95,81,98,3.06,PE,1711847650
578,northam,51.0333,-4.2167,9.23,87,97,6.72,GB,1711847650
579,isiro,2.7739,27.616,21.41,91,100,2.29,CD,1711847651
580,ilebo,-4.3167,20.5833,21.92,99,100,0.75,CD,1711847652
